video_path,label,video_id,dataset,qwen_keep_ratio,qwen_precheck_conf,charades_video_id,action_id,start_s,end_s
SSv2/20bn-something-something-v2/122127.webm,Pushing something so that it slightly moves,122127,ssv2,,,,,,
SSv2/20bn-something-something-v2/179723.webm,Pushing something onto something,179723,ssv2,,,,,,
SSv2/20bn-something-something-v2/50680.webm,Showing that something is empty,50680,ssv2,,,,,,
SSv2/20bn-something-something-v2/122368.webm,"Putting something, something and something on the table",122368,ssv2,,,,,,
SSv2/20bn-something-something-v2/180345.webm,Pushing something so that it falls off the table,180345,ssv2,,,,,,
SSv2/20bn-something-something-v2/27983.webm,Unfolding something,27983,ssv2,,,,,,
SSv2/20bn-something-something-v2/215722.webm,Lifting up one end of something without letting it drop down,215722,ssv2,,,,,,
SSv2/20bn-something-something-v2/79151.webm,Something colliding with something and both are being deflected,79151,ssv2,,,,,,
SSv2/20bn-something-something-v2/198255.webm,Dropping something into something,198255,ssv2,,,,,,
SSv2/20bn-something-something-v2/190541.webm,Moving part of something,190541,ssv2,,,,,,
SSv2/20bn-something-something-v2/128580.webm,Folding something,128580,ssv2,,,,,,
SSv2/20bn-something-something-v2/43649.webm,Pretending to throw something,43649,ssv2,,,,,,
SSv2/20bn-something-something-v2/9827.webm,Pretending or trying and failing to twist something,9827,ssv2,,,,,,
SSv2/20bn-something-something-v2/186228.webm,Lifting something up completely without letting it drop down,186228,ssv2,,,,,,
SSv2/20bn-something-something-v2/30167.webm,Pulling something from behind of something,30167,ssv2,,,,,,
SSv2/20bn-something-something-v2/163643.webm,Poking something so lightly that it doesn't or almost doesn't move,163643,ssv2,,,,,,
SSv2/20bn-something-something-v2/216827.webm,Twisting something,216827,ssv2,,,,,,
SSv2/20bn-something-something-v2/56950.webm,Poking a hole into something soft,56950,ssv2,,,,,,
SSv2/20bn-something-something-v2/34278.webm,Moving something and something so they collide with each other,34278,ssv2,,,,,,
SSv2/20bn-something-something-v2/50131.webm,Pretending to sprinkle air onto something,50131,ssv2,,,,,,
SSv2/20bn-something-something-v2/97138.webm,Pretending to put something next to something,97138,ssv2,,,,,,
SSv2/20bn-something-something-v2/125504.webm,Pulling something from right to left,125504,ssv2,,,,,,
SSv2/20bn-something-something-v2/137971.webm,Letting something roll along a flat surface,137971,ssv2,,,,,,
SSv2/20bn-something-something-v2/82157.webm,"Trying to pour something into something, but missing so it spills next to it",82157,ssv2,,,,,,
SSv2/20bn-something-something-v2/129937.webm,Something falling like a rock,129937,ssv2,,,,,,
SSv2/20bn-something-something-v2/166559.webm,Throwing something in the air and letting it fall,166559,ssv2,,,,,,
SSv2/20bn-something-something-v2/179374.webm,Putting something next to something,179374,ssv2,,,,,,
SSv2/20bn-something-something-v2/13389.webm,Pretending to pick something up,13389,ssv2,,,,,,
SSv2/20bn-something-something-v2/150294.webm,Trying but failing to attach something to something because it doesn't stick,150294,ssv2,,,,,,
SSv2/20bn-something-something-v2/86162.webm,Spinning something that quickly stops spinning,86162,ssv2,,,,,,
SSv2/20bn-something-something-v2/157775.webm,Plugging something into something,157775,ssv2,,,,,,
SSv2/20bn-something-something-v2/158566.webm,Uncovering something,158566,ssv2,,,,,,
SSv2/20bn-something-something-v2/187996.webm,Trying to bend something unbendable so nothing happens,187996,ssv2,,,,,,
SSv2/20bn-something-something-v2/55011.webm,Moving something away from the camera,55011,ssv2,,,,,,
SSv2/20bn-something-something-v2/49501.webm,Showing something on top of something,49501,ssv2,,,,,,
SSv2/20bn-something-something-v2/76132.webm,Putting something underneath something,76132,ssv2,,,,,,
SSv2/20bn-something-something-v2/166532.webm,Pretending to put something behind something,166532,ssv2,,,,,,
SSv2/20bn-something-something-v2/165711.webm,Failing to put something into something because something does not fit,165711,ssv2,,,,,,
SSv2/20bn-something-something-v2/30567.webm,Pushing something so it spins,30567,ssv2,,,,,,
SSv2/20bn-something-something-v2/65974.webm,Poking something so that it falls over,65974,ssv2,,,,,,
SSv2/20bn-something-something-v2/127836.webm,Pushing something off of something,127836,ssv2,,,,,,
SSv2/20bn-something-something-v2/116204.webm,Pretending to turn something upside down,116204,ssv2,,,,,,
SSv2/20bn-something-something-v2/157890.webm,Lifting a surface with something on it until it starts sliding down,157890,ssv2,,,,,,
SSv2/20bn-something-something-v2/46983.webm,Turning the camera downwards while filming something,46983,ssv2,,,,,,
SSv2/20bn-something-something-v2/73384.webm,Moving something and something away from each other,73384,ssv2,,,,,,
SSv2/20bn-something-something-v2/167060.webm,Approaching something with your camera,167060,ssv2,,,,,,
SSv2/20bn-something-something-v2/6493.webm,Tearing something just a little bit,6493,ssv2,,,,,,
SSv2/20bn-something-something-v2/162502.webm,Spinning something so it continues spinning,162502,ssv2,,,,,,
SSv2/20bn-something-something-v2/198146.webm,Pulling two ends of something so that it separates into two pieces,198146,ssv2,,,,,,
SSv2/20bn-something-something-v2/123707.webm,Taking something out of something,123707,ssv2,,,,,,
SSv2/20bn-something-something-v2/144076.webm,Stuffing something into something,144076,ssv2,,,,,,
SSv2/20bn-something-something-v2/215761.webm,Letting something roll down a slanted surface,215761,ssv2,,,,,,
SSv2/20bn-something-something-v2/147761.webm,Piling something up,147761,ssv2,,,,,,
SSv2/20bn-something-something-v2/75815.webm,Dropping something behind something,75815,ssv2,,,,,,
SSv2/20bn-something-something-v2/100808.webm,Moving something and something so they pass each other,100808,ssv2,,,,,,
SSv2/20bn-something-something-v2/96993.webm,Bending something until it breaks,96993,ssv2,,,,,,
SSv2/20bn-something-something-v2/159103.webm,Holding something in front of something,159103,ssv2,,,,,,
SSv2/20bn-something-something-v2/149850.webm,Moving something up,149850,ssv2,,,,,,
SSv2/20bn-something-something-v2/151517.webm,Moving away from something with your camera,151517,ssv2,,,,,,
SSv2/20bn-something-something-v2/57632.webm,Opening something,57632,ssv2,,,,,,
SSv2/20bn-something-something-v2/4896.webm,Digging something out of something,4896,ssv2,,,,,,
SSv2/20bn-something-something-v2/195126.webm,Pulling two ends of something but nothing happens,195126,ssv2,,,,,,
SSv2/20bn-something-something-v2/212848.webm,Poking a hole into some substance,212848,ssv2,,,,,,
SSv2/20bn-something-something-v2/132715.webm,Twisting (wringing) something wet until water comes out,132715,ssv2,,,,,,
SSv2/20bn-something-something-v2/54910.webm,Moving something down,54910,ssv2,,,,,,
SSv2/20bn-something-something-v2/117204.webm,Taking one of many similar things on the table,117204,ssv2,,,,,,
SSv2/20bn-something-something-v2/149934.webm,"Lifting something up completely, then letting it drop down",149934,ssv2,,,,,,
SSv2/20bn-something-something-v2/173104.webm,Holding something next to something,173104,ssv2,,,,,,
SSv2/20bn-something-something-v2/21835.webm,Pushing something from right to left,21835,ssv2,,,,,,
SSv2/20bn-something-something-v2/75863.webm,Putting something on a surface,75863,ssv2,,,,,,
SSv2/20bn-something-something-v2/151195.webm,"Putting something that cannot actually stand upright upright on the table, so it falls on its side",151195,ssv2,,,,,,
SSv2/20bn-something-something-v2/215231.webm,Spilling something onto something,215231,ssv2,,,,,,
SSv2/20bn-something-something-v2/22019.webm,Pretending to take something from somewhere,22019,ssv2,,,,,,
SSv2/20bn-something-something-v2/147553.webm,Turning the camera left while filming something,147553,ssv2,,,,,,
SSv2/20bn-something-something-v2/159550.webm,Pouring something into something,159550,ssv2,,,,,,
SSv2/20bn-something-something-v2/171009.webm,Moving something closer to something,171009,ssv2,,,,,,
SSv2/20bn-something-something-v2/133081.webm,Showing that something is inside something,133081,ssv2,,,,,,
SSv2/20bn-something-something-v2/44086.webm,Tilting something with something on it until it falls off,44086,ssv2,,,,,,
SSv2/20bn-something-something-v2/216003.webm,"Removing something, revealing something behind",216003,ssv2,,,,,,
SSv2/20bn-something-something-v2/171714.webm,Throwing something,171714,ssv2,,,,,,
SSv2/20bn-something-something-v2/187096.webm,Tearing something into two pieces,187096,ssv2,,,,,,
SSv2/20bn-something-something-v2/49580.webm,"Putting something that can't roll onto a slanted surface, so it slides down",49580,ssv2,,,,,,
SSv2/20bn-something-something-v2/38603.webm,Throwing something onto a surface,38603,ssv2,,,,,,
SSv2/20bn-something-something-v2/172170.webm,Burying something in something,172170,ssv2,,,,,,
SSv2/20bn-something-something-v2/72008.webm,Pushing something from left to right,72008,ssv2,,,,,,
SSv2/20bn-something-something-v2/214780.webm,Putting something in front of something,214780,ssv2,,,,,,
SSv2/20bn-something-something-v2/37249.webm,Putting something upright on the table,37249,ssv2,,,,,,
SSv2/20bn-something-something-v2/158262.webm,Sprinkling something onto something,158262,ssv2,,,,,,
SSv2/20bn-something-something-v2/174631.webm,Pretending to put something onto something,174631,ssv2,,,,,,
SSv2/20bn-something-something-v2/198599.webm,Showing a photo of something to the camera,198599,ssv2,,,,,,
SSv2/20bn-something-something-v2/115878.webm,Bending something so that it deforms,115878,ssv2,,,,,,
SSv2/20bn-something-something-v2/52284.webm,Poking a stack of something without the stack collapsing,52284,ssv2,,,,,,
SSv2/20bn-something-something-v2/54245.webm,Spreading something onto something,54245,ssv2,,,,,,
SSv2/20bn-something-something-v2/135878.webm,Poking something so that it spins around,135878,ssv2,,,,,,
SSv2/20bn-something-something-v2/161753.webm,Pulling something out of something,161753,ssv2,,,,,,
SSv2/20bn-something-something-v2/133594.webm,Turning something upside down,133594,ssv2,,,,,,
SSv2/20bn-something-something-v2/205755.webm,Covering something with something,205755,ssv2,,,,,,
SSv2/20bn-something-something-v2/210596.webm,Attaching something to something,210596,ssv2,,,,,,
SSv2/20bn-something-something-v2/108597.webm,"Lifting up one end of something, then letting it drop down",108597,ssv2,,,,,,
SSv2/20bn-something-something-v2/63650.webm,Putting something similar to other things that are already on the table,63650,ssv2,,,,,,
SSv2/20bn-something-something-v2/23652.webm,Moving something and something closer to each other,23652,ssv2,,,,,,
SSv2/20bn-something-something-v2/75947.webm,Spilling something behind something,75947,ssv2,,,,,,
SSv2/20bn-something-something-v2/106043.webm,Pretending to open something without actually opening it,106043,ssv2,,,,,,
SSv2/20bn-something-something-v2/109742.webm,Pretending to scoop something up with something,109742,ssv2,,,,,,
SSv2/20bn-something-something-v2/137103.webm,Pretending to close something without actually closing it,137103,ssv2,,,,,,
SSv2/20bn-something-something-v2/47935.webm,Touching (without moving) part of something,47935,ssv2,,,,,,
SSv2/20bn-something-something-v2/24594.webm,Poking a stack of something so the stack collapses,24594,ssv2,,,,,,
SSv2/20bn-something-something-v2/73443.webm,Moving something away from something,73443,ssv2,,,,,,
SSv2/20bn-something-something-v2/43427.webm,Putting something onto something,43427,ssv2,,,,,,
SSv2/20bn-something-something-v2/50355.webm,Throwing something in the air and catching it,50355,ssv2,,,,,,
SSv2/20bn-something-something-v2/7222.webm,Turning the camera upwards while filming something,7222,ssv2,,,,,,
SSv2/20bn-something-something-v2/123432.webm,"Laying something on the table on its side, not upright",123432,ssv2,,,,,,
SSv2/20bn-something-something-v2/122621.webm,Poking something so it slightly moves,122621,ssv2,,,,,,
SSv2/20bn-something-something-v2/24414.webm,Moving something across a surface without it falling down,24414,ssv2,,,,,,
SSv2/20bn-something-something-v2/72771.webm,Putting something into something,72771,ssv2,,,,,,
SSv2/20bn-something-something-v2/36591.webm,Pretending to spread air onto something,36591,ssv2,,,,,,
SSv2/20bn-something-something-v2/190042.webm,Moving something across a surface until it falls down,190042,ssv2,,,,,,
SSv2/20bn-something-something-v2/217236.webm,Squeezing something,217236,ssv2,,,,,,
SSv2/20bn-something-something-v2/41018.webm,Pulling something from left to right,41018,ssv2,,,,,,
SSv2/20bn-something-something-v2/202138.webm,Pretending or failing to wipe something off of something,202138,ssv2,,,,,,
SSv2/20bn-something-something-v2/135673.webm,Pouring something into something until it overflows,135673,ssv2,,,,,,
SSv2/20bn-something-something-v2/127551.webm,Holding something over something,127551,ssv2,,,,,,
SSv2/20bn-something-something-v2/114542.webm,Pretending to poke something,114542,ssv2,,,,,,
SSv2/20bn-something-something-v2/80465.webm,Pushing something with something,80465,ssv2,,,,,,
SSv2/20bn-something-something-v2/5071.webm,Putting something onto a slanted surface but it doesn't glide down,5071,ssv2,,,,,,
SSv2/20bn-something-something-v2/41979.webm,Pretending to take something out of something,41979,ssv2,,,,,,
SSv2/20bn-something-something-v2/149036.webm,Plugging something into something but pulling it right out as you remove your hand,149036,ssv2,,,,,,
SSv2/20bn-something-something-v2/95403.webm,Turning the camera right while filming something,95403,ssv2,,,,,,
SSv2/20bn-something-something-v2/15261.webm,Something falling like a feather or paper,15261,ssv2,,,,,,
SSv2/20bn-something-something-v2/43247.webm,Holding something behind something,43247,ssv2,,,,,,
SSv2/20bn-something-something-v2/118386.webm,Dropping something next to something,118386,ssv2,,,,,,
SSv2/20bn-something-something-v2/72299.webm,Tipping something over,72299,ssv2,,,,,,
SSv2/20bn-something-something-v2/62834.webm,Something colliding with something and both come to a halt,62834,ssv2,,,,,,
SSv2/20bn-something-something-v2/188738.webm,Spilling something next to something,188738,ssv2,,,,,,
SSv2/20bn-something-something-v2/167564.webm,Pouring something onto something,167564,ssv2,,,,,,
SSv2/20bn-something-something-v2/199818.webm,Putting number of something onto something,199818,ssv2,,,,,,
SSv2/20bn-something-something-v2/132889.webm,Rolling something on a flat surface,132889,ssv2,,,,,,
SSv2/20bn-something-something-v2/137688.webm,Showing something next to something,137688,ssv2,,,,,,
SSv2/20bn-something-something-v2/51041.webm,Lifting something with something on it,51041,ssv2,,,,,,
SSv2/20bn-something-something-v2/67383.webm,Stacking number of something,67383,ssv2,,,,,,
SSv2/20bn-something-something-v2/26759.webm,"Putting something that can't roll onto a slanted surface, so it stays where it is",26759,ssv2,,,,,,
SSv2/20bn-something-something-v2/157353.webm,Pretending to put something on a surface,157353,ssv2,,,,,,
SSv2/20bn-something-something-v2/215779.webm,Something being deflected from something,215779,ssv2,,,,,,
SSv2/20bn-something-something-v2/11437.webm,Taking something from somewhere,11437,ssv2,,,,,,
SSv2/20bn-something-something-v2/193430.webm,"Letting something roll up a slanted surface, so it rolls back down",193430,ssv2,,,,,,
SSv2/20bn-something-something-v2/180060.webm,"Pretending to pour something out of something, but something is empty",180060,ssv2,,,,,,
SSv2/20bn-something-something-v2/37672.webm,Putting something onto something else that cannot support it so it falls down,37672,ssv2,,,,,,
SSv2/20bn-something-something-v2/148929.webm,Holding something,148929,ssv2,,,,,,
SSv2/20bn-something-something-v2/197129.webm,Putting something on a flat surface without letting it roll,197129,ssv2,,,,,,
SSv2/20bn-something-something-v2/98406.webm,Hitting something with something,98406,ssv2,,,,,,
SSv2/20bn-something-something-v2/214632.webm,Scooping something up with something,214632,ssv2,,,,,,
SSv2/20bn-something-something-v2/205878.webm,Pushing something so that it almost falls off but doesn't,205878,ssv2,,,,,,
SSv2/20bn-something-something-v2/8306.webm,Wiping something off of something,8306,ssv2,,,,,,
SSv2/20bn-something-something-v2/159155.webm,"Tipping something with something in it over, so something in it falls out",159155,ssv2,,,,,,
SSv2/20bn-something-something-v2/3254.webm,Putting something on the edge of something so it is not supported and falls down,3254,ssv2,,,,,,
SSv2/20bn-something-something-v2/40358.webm,Tilting something with something on it slightly so it doesn't fall down,40358,ssv2,,,,,,
SSv2/20bn-something-something-v2/125539.webm,Closing something,125539,ssv2,,,,,,
SSv2/20bn-something-something-v2/88348.webm,Dropping something in front of something,88348,ssv2,,,,,,
SSv2/20bn-something-something-v2/185300.webm,Putting something and something on the table,185300,ssv2,,,,,,
SSv2/20bn-something-something-v2/116426.webm,Pretending to put something into something,116426,ssv2,,,,,,
SSv2/20bn-something-something-v2/19279.webm,Pulling something onto something,19279,ssv2,,,,,,
SSv2/20bn-something-something-v2/137728.webm,Lifting a surface with something on it but not enough for it to slide down,137728,ssv2,,,,,,
SSv2/20bn-something-something-v2/86722.webm,Pulling two ends of something so that it gets stretched,86722,ssv2,,,,,,
SSv2/20bn-something-something-v2/180064.webm,Putting something behind something,180064,ssv2,,,,,,
SSv2/20bn-something-something-v2/196439.webm,Pouring something out of something,196439,ssv2,,,,,,
SSv2/20bn-something-something-v2/18982.webm,Picking something up,18982,ssv2,,,,,,
SSv2/20bn-something-something-v2/74377.webm,Dropping something onto something,74377,ssv2,,,,,,
SSv2/20bn-something-something-v2/68247.webm,Moving something towards the camera,68247,ssv2,,,,,,
SSv2/20bn-something-something-v2/98951.webm,Throwing something against something,98951,ssv2,,,,,,
SSv2/20bn-something-something-v2/133523.webm,Pretending to put something underneath something,133523,ssv2,,,,,,
SSv2/20bn-something-something-v2/40733.webm,Pretending to be tearing something that is not tearable,40733,ssv2,,,,,,
SSv2/20bn-something-something-v2/72843.webm,Showing something behind something,72843,ssv2,,,,,,
SSv2/20bn-something-something-v2/21307.webm,Pretending to squeeze something,21307,ssv2,,,,,,
SSv2/20bn-something-something-v2/152332.webm,Showing something to the camera,152332,ssv2,,,,,,
SSv2/20bn-something-something-v2/123485.webm,Pushing something so that it slightly moves,123485,ssv2,,,,,,
SSv2/20bn-something-something-v2/152937.webm,Pushing something onto something,152937,ssv2,,,,,,
SSv2/20bn-something-something-v2/3195.webm,Showing that something is empty,3195,ssv2,,,,,,
SSv2/20bn-something-something-v2/170109.webm,"Putting something, something and something on the table",170109,ssv2,,,,,,
SSv2/20bn-something-something-v2/220251.webm,Pushing something so that it falls off the table,220251,ssv2,,,,,,
SSv2/20bn-something-something-v2/167955.webm,Unfolding something,167955,ssv2,,,,,,
SSv2/20bn-something-something-v2/21067.webm,Lifting up one end of something without letting it drop down,21067,ssv2,,,,,,
SSv2/20bn-something-something-v2/183030.webm,Something colliding with something and both are being deflected,183030,ssv2,,,,,,
SSv2/20bn-something-something-v2/16222.webm,Dropping something into something,16222,ssv2,,,,,,
SSv2/20bn-something-something-v2/109255.webm,Moving part of something,109255,ssv2,,,,,,
SSv2/20bn-something-something-v2/187333.webm,Folding something,187333,ssv2,,,,,,
SSv2/20bn-something-something-v2/2905.webm,Pretending to throw something,2905,ssv2,,,,,,
SSv2/20bn-something-something-v2/117092.webm,Pretending or trying and failing to twist something,117092,ssv2,,,,,,
SSv2/20bn-something-something-v2/155572.webm,Lifting something up completely without letting it drop down,155572,ssv2,,,,,,
SSv2/20bn-something-something-v2/83029.webm,Pulling something from behind of something,83029,ssv2,,,,,,
SSv2/20bn-something-something-v2/33903.webm,Poking something so lightly that it doesn't or almost doesn't move,33903,ssv2,,,,,,
SSv2/20bn-something-something-v2/88842.webm,Twisting something,88842,ssv2,,,,,,
SSv2/20bn-something-something-v2/60770.webm,Poking a hole into something soft,60770,ssv2,,,,,,
SSv2/20bn-something-something-v2/117702.webm,Moving something and something so they collide with each other,117702,ssv2,,,,,,
SSv2/20bn-something-something-v2/1335.webm,Pretending to sprinkle air onto something,1335,ssv2,,,,,,
SSv2/20bn-something-something-v2/191551.webm,Pretending to put something next to something,191551,ssv2,,,,,,
SSv2/20bn-something-something-v2/153475.webm,Pulling something from right to left,153475,ssv2,,,,,,
SSv2/20bn-something-something-v2/135814.webm,Letting something roll along a flat surface,135814,ssv2,,,,,,
SSv2/20bn-something-something-v2/96108.webm,"Trying to pour something into something, but missing so it spills next to it",96108,ssv2,,,,,,
SSv2/20bn-something-something-v2/154817.webm,Something falling like a rock,154817,ssv2,,,,,,
SSv2/20bn-something-something-v2/151060.webm,Throwing something in the air and letting it fall,151060,ssv2,,,,,,
k400/full/test/L-WN-7Wgcxc_000024_000034.mp4,celebrating,L-WN-7Wgcxc_000024_000034,k400,,,,,,
k400/full/test/f7BkyZyK-q8_000016_000026.mp4,garbage collecting,f7BkyZyK-q8_000016_000026,k400,,,,,,
k400/full/test/fz1XSQ9khG0_000019_000029.mp4,digging,fz1XSQ9khG0_000019_000029,k400,,,,,,
k400/full/test/Ks8RUO0_C2E_000009_000019.mp4,cleaning windows,Ks8RUO0_C2E_000009_000019,k400,,,,,,
k400/full/test/BRDxZRC2br0_000002_000012.mp4,reading newspaper,BRDxZRC2br0_000002_000012,k400,,,,,,
k400/full/test/vX7KZ9p6Qg0_000021_000031.mp4,squat,vX7KZ9p6Qg0_000021_000031,k400,,,,,,
k400/full/test/uvGWUO9It20_000012_000022.mp4,flying kite,uvGWUO9It20_000012_000022,k400,,,,,,
k400/full/test/PG8j1SLoaLs_000680_000690.mp4,egg hunting,PG8j1SLoaLs_000680_000690,k400,,,,,,
k400/full/test/C0UQGzOc84Y_000004_000014.mp4,arm wrestling,C0UQGzOc84Y_000004_000014,k400,,,,,,
k400/full/test/v9jMSAAjK_w_000005_000015.mp4,brushing teeth,v9jMSAAjK_w_000005_000015,k400,,,,,,
k400/full/test/xaQ5a3qcYXc_000028_000038.mp4,folding napkins,xaQ5a3qcYXc_000028_000038,k400,,,,,,
k400/full/test/dwjH09LdZJw_000029_000039.mp4,riding a bike,dwjH09LdZJw_000029_000039,k400,,,,,,
k400/full/test/rzSHCpqgzLc_000054_000064.mp4,sweeping floor,rzSHCpqgzLc_000054_000064,k400,,,,,,
k400/full/test/UZBelVW62kI_000082_000092.mp4,dining,UZBelVW62kI_000082_000092,k400,,,,,,
k400/full/test/xI4LIDnaEOU_000001_000011.mp4,waxing eyebrows,xI4LIDnaEOU_000001_000011,k400,,,,,,
k400/full/test/-BgEMSKNMXY_000001_000011.mp4,ironing,-BgEMSKNMXY_000001_000011,k400,,,,,,
k400/full/test/HjJzP6xs2EE_000075_000085.mp4,cutting nails,HjJzP6xs2EE_000075_000085,k400,,,,,,
k400/full/test/I7cwq6_4QtM_000000_000010.mp4,playing organ,I7cwq6_4QtM_000000_000010,k400,,,,,,
k400/full/test/RevMrkPdz_0_000313_000323.mp4,brushing hair,RevMrkPdz_0_000313_000323,k400,,,,,,
k400/full/test/dmILLxz2xKs_000046_000056.mp4,tai chi,dmILLxz2xKs_000046_000056,k400,,,,,,
k400/full/test/Nyei_vA2ZI4_000007_000017.mp4,clapping,Nyei_vA2ZI4_000007_000017,k400,,,,,,
k400/full/test/qama1UM2zBA_000181_000191.mp4,driving car,qama1UM2zBA_000181_000191,k400,,,,,,
k400/full/test/BsTHFJFokEs_000173_000183.mp4,using remote controller (not gaming),BsTHFJFokEs_000173_000183,k400,,,,,,
k400/full/test/9tcUHwezV9c_000051_000061.mp4,massaging back,9tcUHwezV9c_000051_000061,k400,,,,,,
k400/full/test/oURM4y5BysI_000061_000071.mp4,cooking egg,oURM4y5BysI_000061_000071,k400,,,,,,
k400/full/test/BpnfrOr-Swg_000090_000100.mp4,playing chess,BpnfrOr-Swg_000090_000100,k400,,,,,,
k400/full/test/uh9NvdpYkQc_000162_000172.mp4,playing ice hockey,uh9NvdpYkQc_000162_000172,k400,,,,,,
k400/full/test/sQcS4GjdTHo_000032_000042.mp4,planting trees,sQcS4GjdTHo_000032_000042,k400,,,,,,
k400/full/test/ndPJ9k-4iwo_000136_000146.mp4,skiing crosscountry,ndPJ9k-4iwo_000136_000146,k400,,,,,,
k400/full/test/7s8vQG_lBJw_000019_000029.mp4,massaging person's head,7s8vQG_lBJw_000019_000029,k400,,,,,,
k400/full/test/7wPLOkw3ThM_000092_000102.mp4,diving cliff,7wPLOkw3ThM_000092_000102,k400,,,,,,
k400/full/test/TqNIhNiJsik_000048_000058.mp4,bending metal,TqNIhNiJsik_000048_000058,k400,,,,,,
k400/full/test/a_Kgqa441mo_000367_000377.mp4,dying hair,a_Kgqa441mo_000367_000377,k400,,,,,,
k400/full/test/zY-6ksAjb8k_000014_000024.mp4,washing feet,zY-6ksAjb8k_000014_000024,k400,,,,,,
k400/full/test/7V4UVsijzh8_000005_000015.mp4,finger snapping,7V4UVsijzh8_000005_000015,k400,,,,,,
k400/full/test/y_ouhUEVoDU_000038_000048.mp4,rock scissors paper,y_ouhUEVoDU_000038_000048,k400,,,,,,
k400/full/test/omEdIp3xpSM_000085_000095.mp4,riding camel,omEdIp3xpSM_000085_000095,k400,,,,,,
k400/full/test/9lS7Q1_Zu-0_000054_000064.mp4,country line dancing,9lS7Q1_Zu-0_000054_000064,k400,,,,,,
k400/full/test/0g813Qgrc-M_000785_000795.mp4,punching person (boxing),0g813Qgrc-M_000785_000795,k400,,,,,,
k400/full/test/4LrgMu5xyCo_000007_000017.mp4,bungee jumping,4LrgMu5xyCo_000007_000017,k400,,,,,,
k400/full/test/qawZVV_7-zM_000050_000060.mp4,writing,qawZVV_7-zM_000050_000060,k400,,,,,,
k400/full/test/A7fyikxZ7UY_000021_000031.mp4,doing aerobics,A7fyikxZ7UY_000021_000031,k400,,,,,,
k400/full/test/tRU7nn_l4VU_000032_000042.mp4,pole vault,tRU7nn_l4VU_000032_000042,k400,,,,,,
k400/full/test/5x7xHCOyZgU_000001_000011.mp4,swimming butterfly stroke,5x7xHCOyZgU_000001_000011,k400,,,,,,
k400/full/test/QCJVrZthk8M_000002_000012.mp4,baby waking up,QCJVrZthk8M_000002_000012,k400,,,,,,
k400/full/test/jSOG-Nn8dtU_000023_000033.mp4,mopping floor,jSOG-Nn8dtU_000023_000033,k400,,,,,,
k400/full/test/wsgxw-BD98o_000086_000096.mp4,doing laundry,wsgxw-BD98o_000086_000096,k400,,,,,,
k400/full/test/XXaDaaSOsjQ_000025_000035.mp4,shooting goal (soccer),XXaDaaSOsjQ_000025_000035,k400,,,,,,
k400/full/test/fjQuKoayfwQ_000065_000075.mp4,making snowman,fjQuKoayfwQ_000065_000075,k400,,,,,,
k400/full/test/uunhNXFJ9tM_000026_000036.mp4,stretching arm,uunhNXFJ9tM_000026_000036,k400,,,,,,
k400/full/test/0MFTQH-v2nM_000047_000057.mp4,tickling,0MFTQH-v2nM_000047_000057,k400,,,,,,
k400/full/test/h5i9-dh9shU_000008_000018.mp4,sneezing,h5i9-dh9shU_000008_000018,k400,,,,,,
k400/full/test/MrFLQIJj5nQ_000079_000089.mp4,changing wheel,MrFLQIJj5nQ_000079_000089,k400,,,,,,
k400/full/test/FUgw1gywTbA_000105_000115.mp4,playing piano,FUgw1gywTbA_000105_000115,k400,,,,,,
k400/full/test/pS9JbcKjvbU_000309_000319.mp4,bartending,pS9JbcKjvbU_000309_000319,k400,,,,,,
k400/full/test/VCB6M6uz-84_000067_000077.mp4,waxing chest,VCB6M6uz-84_000067_000077,k400,,,,,,
k400/full/test/4kOHqRsUL1s_000090_000100.mp4,drinking beer,4kOHqRsUL1s_000090_000100,k400,,,,,,
k400/full/test/57PFOOyu9Gc_000007_000017.mp4,sword fighting,57PFOOyu9Gc_000007_000017,k400,,,,,,
k400/full/test/3NF8ziODRNU_000159_000169.mp4,hockey stop,3NF8ziODRNU_000159_000169,k400,,,,,,
k400/full/test/gpuXTUhXqMw_000000_000010.mp4,playing harp,gpuXTUhXqMw_000000_000010,k400,,,,,,
k400/full/test/RzXdLR6iJqw_000012_000022.mp4,cleaning shoes,RzXdLR6iJqw_000012_000022,k400,,,,,,
k400/full/test/3uSViSsQTog_000005_000015.mp4,jumping into pool,3uSViSsQTog_000005_000015,k400,,,,,,
k400/full/test/KiZ8sZwydiQ_000144_000154.mp4,carving pumpkin,KiZ8sZwydiQ_000144_000154,k400,,,,,,
k400/full/test/IiJD0x2iCvM_000003_000013.mp4,grooming dog,IiJD0x2iCvM_000003_000013,k400,,,,,,
k400/full/test/mVFtxV5M9ps_000000_000010.mp4,picking fruit,mVFtxV5M9ps_000000_000010,k400,,,,,,
k400/full/test/UdiANGTaAvA_000003_000013.mp4,shuffling cards,UdiANGTaAvA_000003_000013,k400,,,,,,
k400/full/test/6KJIJZLJIaQ_000003_000013.mp4,vault,6KJIJZLJIaQ_000003_000013,k400,,,,,,
k400/full/test/5__Cn1df80s_000018_000028.mp4,applying cream,5__Cn1df80s_000018_000028,k400,,,,,,
k400/full/test/kHonyQVHyTQ_000003_000013.mp4,massaging feet,kHonyQVHyTQ_000003_000013,k400,,,,,,
k400/full/test/Ttf__t3g-zI_000001_000011.mp4,unloading truck,Ttf__t3g-zI_000001_000011,k400,,,,,,
k400/full/test/kHJjaN_5vy4_000057_000067.mp4,wrapping present,kHJjaN_5vy4_000057_000067,k400,,,,,,
k400/full/test/tL34N3dtpjE_000004_000014.mp4,plastering,tL34N3dtpjE_000004_000014,k400,,,,,,
k400/full/test/7wxCyqRgrMA_000203_000213.mp4,robot dancing,7wxCyqRgrMA_000203_000213,k400,,,,,,
k400/full/test/AC_jABJ-FB4_000000_000010.mp4,climbing tree,AC_jABJ-FB4_000000_000010,k400,,,,,,
k400/full/test/Pt7Z7alDcZg_000042_000052.mp4,playing clarinet,Pt7Z7alDcZg_000042_000052,k400,,,,,,
k400/full/test/_KbTvwBMQxU_000010_000020.mp4,holding snake,_KbTvwBMQxU_000010_000020,k400,,,,,,
k400/full/test/ERq1G4Or1Ss_000001_000011.mp4,dribbling basketball,ERq1G4Or1Ss_000001_000011,k400,,,,,,
k400/full/test/G-eT3Idq868_000022_000032.mp4,laying bricks,G-eT3Idq868_000022_000032,k400,,,,,,
k400/full/test/w0WegcrpCNg_000001_000011.mp4,feeding goats,w0WegcrpCNg_000001_000011,k400,,,,,,
k400/full/test/KhpKr1YvyRM_000342_000352.mp4,hitting baseball,KhpKr1YvyRM_000342_000352,k400,,,,,,
k400/full/test/0dPjHNddhrE_000103_000113.mp4,hoverboarding,0dPjHNddhrE_000103_000113,k400,,,,,,
k400/full/test/-0SUZKVInwE_000081_000091.mp4,tap dancing,-0SUZKVInwE_000081_000091,k400,,,,,,
k400/full/test/2F4vcngrLAc_000057_000067.mp4,extinguishing fire,2F4vcngrLAc_000057_000067,k400,,,,,,
k400/full/test/eVCt1cIKJ6g_000004_000014.mp4,golf putting,eVCt1cIKJ6g_000004_000014,k400,,,,,,
k400/full/test/HQIDlAWBMOw_000120_000130.mp4,sign language interpreting,HQIDlAWBMOw_000120_000130,k400,,,,,,
k400/full/test/_fXG7xfQ6KU_000112_000122.mp4,shaving head,_fXG7xfQ6KU_000112_000122,k400,,,,,,
k400/full/test/BDEk9lYzJ10_000086_000096.mp4,passing American football (not in game),BDEk9lYzJ10_000086_000096,k400,,,,,,
k400/full/test/Ip0kypu7ca8_000009_000019.mp4,yoga,Ip0kypu7ca8_000009_000019,k400,,,,,,
k400/full/test/Vz3Qt2KTYts_000125_000135.mp4,cleaning gutters,Vz3Qt2KTYts_000125_000135,k400,,,,,,
k400/full/test/2hyRRhMPFP8_000073_000083.mp4,sticking tongue out,2hyRRhMPFP8_000073_000083,k400,,,,,,
k400/full/test/L4_K1aXtOJY_000035_000045.mp4,cooking sausages,L4_K1aXtOJY_000035_000045,k400,,,,,,
k400/full/test/mz0KGfhA5ow_000174_000184.mp4,parkour,mz0KGfhA5ow_000174_000184,k400,,,,,,
k400/full/test/7k-ys4PRE8o_000223_000233.mp4,taking a shower,7k-ys4PRE8o_000223_000233,k400,,,,,,
k400/full/test/ookJ09MnI0A_000332_000342.mp4,drumming fingers,ookJ09MnI0A_000332_000342,k400,,,,,,
k400/full/test/Dm4J7z95-bA_000003_000013.mp4,shot put,Dm4J7z95-bA_000003_000013,k400,,,,,,
k400/full/test/usspJntDEUo_000289_000299.mp4,using computer,usspJntDEUo_000289_000299,k400,,,,,,
k400/full/test/h_LKAjLZcmg_000466_000476.mp4,assembling computer,h_LKAjLZcmg_000466_000476,k400,,,,,,
k400/full/test/sfT2hGteW6g_000000_000010.mp4,water skiing,sfT2hGteW6g_000000_000010,k400,,,,,,
k400/full/test/tdBQVcrnP1w_000009_000019.mp4,front raises,tdBQVcrnP1w_000009_000019,k400,,,,,,
k400/full/test/UII7ZahaLR0_000079_000089.mp4,hurling (sport),UII7ZahaLR0_000079_000089,k400,,,,,,
k400/full/test/0I92CBbeW78_000401_000411.mp4,playing volleyball,0I92CBbeW78_000401_000411,k400,,,,,,
k400/full/test/jg1UDqoPwNM_000093_000103.mp4,making pizza,jg1UDqoPwNM_000093_000103,k400,,,,,,
k400/full/test/9vX8BeexVFk_000007_000017.mp4,washing dishes,9vX8BeexVFk_000007_000017,k400,,,,,,
k400/full/test/8nFxM29xbQ4_000044_000054.mp4,baking cookies,8nFxM29xbQ4_000044_000054,k400,,,,,,
k400/full/test/T7JM-F3PTIY_000086_000096.mp4,peeling apples,T7JM-F3PTIY_000086_000096,k400,,,,,,
k400/full/test/2pIg3TM2dQ8_000009_000019.mp4,fixing hair,2pIg3TM2dQ8_000009_000019,k400,,,,,,
k400/full/test/sJNoIvivWN8_000050_000060.mp4,abseiling,sJNoIvivWN8_000050_000060,k400,,,,,,
k400/full/test/h_BtJ1Z0HXk_000094_000104.mp4,breakdancing,h_BtJ1Z0HXk_000094_000104,k400,,,,,,
k400/full/test/52mYx4fJMkg_000374_000384.mp4,ice fishing,52mYx4fJMkg_000374_000384,k400,,,,,,
k400/full/test/T8kCKqeZvw4_000079_000089.mp4,playing trombone,T8kCKqeZvw4_000079_000089,k400,,,,,,
k400/full/test/6OORy8HLiw0_000041_000051.mp4,tying bow tie,6OORy8HLiw0_000041_000051,k400,,,,,,
k400/full/test/uoqediMIwA4_000026_000036.mp4,using segway,uoqediMIwA4_000026_000036,k400,,,,,,
k400/full/test/3EqDf8saetA_000002_000012.mp4,bookbinding,3EqDf8saetA_000002_000012,k400,,,,,,
k400/full/test/FLEPUj8GXI0_000085_000095.mp4,swinging legs,FLEPUj8GXI0_000085_000095,k400,,,,,,
k400/full/test/O0hiqusXXp0_000005_000015.mp4,long jump,O0hiqusXXp0_000005_000015,k400,,,,,,
k400/full/test/OD4b517qjg8_000195_000205.mp4,playing poker,OD4b517qjg8_000195_000205,k400,,,,,,
k400/full/test/D7QdrA45hMM_000004_000014.mp4,javelin throw,D7QdrA45hMM_000004_000014,k400,,,,,,
k400/full/test/BrVSp4qAlII_000466_000476.mp4,tossing salad,BrVSp4qAlII_000466_000476,k400,,,,,,
k400/full/test/meUWBndPoPc_000114_000124.mp4,lunge,meUWBndPoPc_000114_000124,k400,,,,,,
k400/full/test/QeeLq2V6XjI_000008_000018.mp4,skipping rope,QeeLq2V6XjI_000008_000018,k400,,,,,,
k400/full/test/MtZce2TLg_E_000179_000189.mp4,bandaging,MtZce2TLg_E_000179_000189,k400,,,,,,
k400/full/test/tsDVk6onk7Q_000125_000135.mp4,welding,tsDVk6onk7Q_000125_000135,k400,,,,,,
k400/full/test/cgEnLD0CU6w_000001_000011.mp4,sled dog racing,cgEnLD0CU6w_000001_000011,k400,,,,,,
k400/full/test/xdbh1FBoNPQ_000029_000039.mp4,playing ukulele,xdbh1FBoNPQ_000029_000039,k400,,,,,,
k400/full/test/02XojQ76to0_000213_000223.mp4,brush painting,02XojQ76to0_000213_000223,k400,,,,,,
k400/full/test/ffuL7Ottq5E_000420_000430.mp4,playing controller,ffuL7Ottq5E_000420_000430,k400,,,,,,
k400/full/test/AmHdx_lHaes_000198_000208.mp4,sharpening pencil,AmHdx_lHaes_000198_000208,k400,,,,,,
k400/full/test/tVmfFZX_3rY_000000_000010.mp4,side kick,tVmfFZX_3rY_000000_000010,k400,,,,,,
k400/full/test/pYW8bECf-Mc_000008_000018.mp4,shining shoes,pYW8bECf-Mc_000008_000018,k400,,,,,,
k400/full/test/dUbE875MpBw_000036_000046.mp4,blowing glass,dUbE875MpBw_000036_000046,k400,,,,,,
k400/full/test/Ejp7C_NuBiQ_000024_000034.mp4,archery,Ejp7C_NuBiQ_000024_000034,k400,,,,,,
k400/full/test/s0pe7IODoXU_000034_000044.mp4,cartwheeling,s0pe7IODoXU_000034_000044,k400,,,,,,
k400/full/test/VTtPQeM4a2M_000003_000013.mp4,decorating the christmas tree,VTtPQeM4a2M_000003_000013,k400,,,,,,
k400/full/test/WDkVnlhmeOA_000049_000059.mp4,slapping,WDkVnlhmeOA_000049_000059,k400,,,,,,
k400/full/test/0h2sBd30Drg_000081_000091.mp4,paragliding,0h2sBd30Drg_000081_000091,k400,,,,,,
k400/full/test/Ht7NBk7ZKqo_000001_000011.mp4,trimming or shaving beard,Ht7NBk7ZKqo_000001_000011,k400,,,,,,
k400/full/test/3Q6J4bR7bEY_000002_000012.mp4,punching bag,3Q6J4bR7bEY_000002_000012,k400,,,,,,
k400/full/test/pjRNHGWDlMA_000038_000048.mp4,motorcycling,pjRNHGWDlMA_000038_000048,k400,,,,,,
k400/full/test/7NqM8jpSHoU_000004_000014.mp4,opening bottle,7NqM8jpSHoU_000004_000014,k400,,,,,,
k400/full/test/SRJaHZg94S8_000088_000098.mp4,petting cat,SRJaHZg94S8_000088_000098,k400,,,,,,
k400/full/test/i1qKLQVp9Zc_000003_000013.mp4,pumping fist,i1qKLQVp9Zc_000003_000013,k400,,,,,,
k400/full/test/cATHA7B3H80_000291_000301.mp4,stomping grapes,cATHA7B3H80_000291_000301,k400,,,,,,
k400/full/test/9ATYVcuYE_I_000023_000033.mp4,balloon blowing,9ATYVcuYE_I_000023_000033,k400,,,,,,
k400/full/test/AwLH1a5ONkc_000011_000021.mp4,playing harmonica,AwLH1a5ONkc_000011_000021,k400,,,,,,
k400/full/test/NMIa46Pr3Ro_000779_000789.mp4,jogging,NMIa46Pr3Ro_000779_000789,k400,,,,,,
k400/full/test/DZfzJlzBIdA_000242_000252.mp4,eating burger,DZfzJlzBIdA_000242_000252,k400,,,,,,
k400/full/test/5bTaB5v3c70_000044_000054.mp4,windsurfing,5bTaB5v3c70_000044_000054,k400,,,,,,
k400/full/test/wiy0KlyAI5Y_000005_000015.mp4,springboard diving,wiy0KlyAI5Y_000005_000015,k400,,,,,,
k400/full/test/89ogvTSpXDY_000013_000023.mp4,cleaning toilet,89ogvTSpXDY_000013_000023,k400,,,,,,
k400/full/test/ksSgvg7kFw8_000005_000015.mp4,testifying,ksSgvg7kFw8_000005_000015,k400,,,,,,
k400/full/test/-ToH-Wo6_F0_000083_000093.mp4,crying,-ToH-Wo6_F0_000083_000093,k400,,,,,,
k400/full/test/q_tub55P02c_000062_000072.mp4,cleaning floor,q_tub55P02c_000062_000072,k400,,,,,,
k400/full/test/nbEj2xuNcZo_000003_000013.mp4,walking the dog,nbEj2xuNcZo_000003_000013,k400,,,,,,
k400/full/test/Kdb5OKTOnDg_000394_000404.mp4,folding clothes,Kdb5OKTOnDg_000394_000404,k400,,,,,,
k400/full/test/I_8nM9pgMgw_000000_000010.mp4,breading or breadcrumbing,I_8nM9pgMgw_000000_000010,k400,,,,,,
k400/full/test/0icJ-REfKGs_000100_000110.mp4,whistling,0icJ-REfKGs_000100_000110,k400,,,,,,
k400/full/test/HwaIyNjvfQE_000483_000493.mp4,making jewelry,HwaIyNjvfQE_000483_000493,k400,,,,,,
k400/full/test/ZR8BAhj2ctM_000021_000031.mp4,jumpstyle dancing,ZR8BAhj2ctM_000021_000031,k400,,,,,,
k400/full/test/yJBOfOmqepk_000059_000069.mp4,braiding hair,yJBOfOmqepk_000059_000069,k400,,,,,,
k400/full/test/HVWKAk9sRVQ_000003_000013.mp4,headbanging,HVWKAk9sRVQ_000003_000013,k400,,,,,,
k400/full/test/-3ruskOOx7M_000006_000016.mp4,playing flute,-3ruskOOx7M_000006_000016,k400,,,,,,
k400/full/test/C01CHRWM_FQ_000041_000051.mp4,ice skating,C01CHRWM_FQ_000041_000051,k400,,,,,,
k400/full/test/UiTC2rYXVsU_000027_000037.mp4,dancing charleston,UiTC2rYXVsU_000027_000037,k400,,,,,,
k400/full/test/-MAGN91mrTs_000105_000115.mp4,climbing a rope,-MAGN91mrTs_000105_000115,k400,,,,,,
k400/full/test/5QI9UYyFlKk_000406_000416.mp4,skiing slalom,5QI9UYyFlKk_000406_000416,k400,,,,,,
k400/full/test/PQALpt-kddo_000004_000014.mp4,high kick,PQALpt-kddo_000004_000014,k400,,,,,,
k400/full/test/ou4ezovAi5Q_000061_000071.mp4,auctioning,ou4ezovAi5Q_000061_000071,k400,,,,,,
k400/full/test/arGmefBsu_g_000027_000037.mp4,kicking soccer ball,arGmefBsu_g_000027_000037,k400,,,,,,
k400/full/test/DEIJnvpP4g4_000109_000119.mp4,biking through snow,DEIJnvpP4g4_000109_000119,k400,,,,,,
k400/full/test/h56aIaFTQcM_000013_000023.mp4,running on treadmill,h56aIaFTQcM_000013_000023,k400,,,,,,
k400/full/test/Rgu86-9AiEU_000133_000143.mp4,dancing ballet,Rgu86-9AiEU_000133_000143,k400,,,,,,
k400/full/test/ljXSFz_3mPA_000016_000026.mp4,playing keyboard,ljXSFz_3mPA_000016_000026,k400,,,,,,
k400/full/test/CfbVrKrQmiE_000006_000016.mp4,shredding paper,CfbVrKrQmiE_000006_000016,k400,,,,,,
k400/full/test/nfLPAfMvGEE_000020_000030.mp4,counting money,nfLPAfMvGEE_000020_000030,k400,,,,,,
k400/full/test/F6N0xCCOQHY_000238_000248.mp4,cleaning pool,F6N0xCCOQHY_000238_000248,k400,,,,,,
k400/full/test/0zhxmF-4sns_000026_000036.mp4,stretching leg,0zhxmF-4sns_000026_000036,k400,,,,,,
k400/full/test/gBhfathpfEo_000018_000028.mp4,bowling,gBhfathpfEo_000018_000028,k400,,,,,,
k400/full/test/TZtkA0mNYcw_000110_000120.mp4,drawing,TZtkA0mNYcw_000110_000120,k400,,,,,,
k400/full/test/8ynrJLgJ5jA_000010_000020.mp4,barbequing,8ynrJLgJ5jA_000010_000020,k400,,,,,,
k400/full/test/Ja-9otx1hfc_000117_000127.mp4,grooming horse,Ja-9otx1hfc_000117_000127,k400,,,,,,
k400/full/test/HSQw3epiRAQ_000002_000012.mp4,headbutting,HSQw3epiRAQ_000002_000012,k400,,,,,,
k400/full/test/pddZ9_RMZGk_000257_000267.mp4,spray painting,pddZ9_RMZGk_000257_000267,k400,,,,,,
k400/full/test/XMk2j_dkhW8_000005_000015.mp4,slacklining,XMk2j_dkhW8_000005_000015,k400,,,,,,
k400/full/test/mEy1LHq0WHA_000000_000010.mp4,pushing wheelchair,mEy1LHq0WHA_000000_000010,k400,,,,,,
k400/full/test/ywPfCzPvQuo_000006_000016.mp4,playing monopoly,ywPfCzPvQuo_000006_000016,k400,,,,,,
k400/full/test/1K2p-dyx3SE_000071_000081.mp4,playing cello,1K2p-dyx3SE_000071_000081,k400,,,,,,
k400/full/test/A-WwFV_fk-Q_000013_000023.mp4,feeding fish,A-WwFV_fk-Q_000013_000023,k400,,,,,,
k400/full/test/wWG5iwcjMr8_000006_000016.mp4,blowing nose,wWG5iwcjMr8_000006_000016,k400,,,,,,
k400/full/test/aJ9_UQnziWU_000005_000015.mp4,dunking basketball,aJ9_UQnziWU_000005_000015,k400,,,,,,
k400/full/test/TPK4AdoJBm0_000134_000144.mp4,tasting food,TPK4AdoJBm0_000134_000144,k400,,,,,,
k400/full/test/u5zdxtdG6Lw_000002_000012.mp4,pumping gas,u5zdxtdG6Lw_000002_000012,k400,,,,,,
k400/full/test/s4HD7UAZ5yU_000834_000844.mp4,building cabinet,s4HD7UAZ5yU_000834_000844,k400,,,,,,
k400/full/test/AZSlOrEcuI0_000005_000015.mp4,faceplanting,AZSlOrEcuI0_000005_000015,k400,,,,,,
k400/full/test/QSRZ_3WAhQI_000318_000328.mp4,playing drums,QSRZ_3WAhQI_000318_000328,k400,,,,,,
k400/full/test/AcFBV9A3sgg_000009_000019.mp4,throwing ball,AcFBV9A3sgg_000009_000019,k400,,,,,,
k400/full/test/P7jVMnykGgw_000004_000014.mp4,eating ice cream,P7jVMnykGgw_000004_000014,k400,,,,,,
k400/full/test/PyEVvMgKVec_000093_000103.mp4,arranging flowers,PyEVvMgKVec_000093_000103,k400,,,,,,
k400/full/test/BEAvG_tMYgk_000088_000098.mp4,cooking chicken,BEAvG_tMYgk_000088_000098,k400,,,,,,
k400/full/test/qS4os30uUMo_000001_000011.mp4,tobogganing,qS4os30uUMo_000001_000011,k400,,,,,,
k400/full/test/VRfI-7H2Y78_000020_000030.mp4,playing xylophone,VRfI-7H2Y78_000020_000030,k400,,,,,,
diving48/32/L_SB1PRgDTE_00031.mp4,inward 1.5 somersaults in tuck position,L_SB1PRgDTE_00031,diving48,,,,,,
diving48/19/zBXtMcI41z8_00084.mp4,forward 1.5 somersaults in pike position,zBXtMcI41z8_00084,diving48,,,,,,
diving48/12/roFeEJPgJD8_00032.mp4,backward 2 somersaults with 1.5 twists in free position,roFeEJPgJD8_00032,diving48,,,,,,
diving48/8/jMEYIEYkpY0_00089.mp4,backward 3 somersaults in tuck position,jMEYIEYkpY0_00089,diving48,,,,,,
diving48/35/sFO6XlfgxNQ_00066.mp4,inward 3.5 somersaults in tuck position,sFO6XlfgxNQ_00066,diving48,,,,,,
diving48/31/CVAfPfVFulQ_00011.mp4,inward 1.5 somersaults in pike position,CVAfPfVFulQ_00011,diving48,,,,,,
diving48/15/Le6xdQ2OO8w_00042.mp4,backward dive (no somersault) in pike position,Le6xdQ2OO8w_00042,diving48,,,,,,
diving48/27/rRw7peH60Yw_00002.mp4,forward 3.5 somersaults in tuck position,rRw7peH60Yw_00002,diving48,,,,,,
diving48/25/TMJ1XIZBRW4_00053.mp4,forward 2.5 somersaults in tuck position,TMJ1XIZBRW4_00053,diving48,,,,,,
diving48/45/qD3IMtAanSg_00064.mp4,backward 3.5 somersaults in pike position,qD3IMtAanSg_00064,diving48,,,,,,
diving48/36/k71Cc-Sm-Mg_00004.mp4,inward dive (no somersault) in pike position,k71Cc-Sm-Mg_00004,diving48,,,,,,
diving48/3/SbzcCzXjYSU_00020.mp4,backward 1.5 somersaults in pike position,SbzcCzXjYSU_00020,diving48,,,,,,
diving48/6/qD3IMtAanSg_00082.mp4,backward 2 somersaults with 2.5 twists in free position,qD3IMtAanSg_00082,diving48,,,,,,
diving48/28/k71Cc-Sm-Mg_00109.mp4,forward 2.5 somersaults with 2 twists in pike position,k71Cc-Sm-Mg_00109,diving48,,,,,,
diving48/28/zBXtMcI41z8_00112.mp4,forward 4.5 somersaults in tuck position,zBXtMcI41z8_00112,diving48,,,,,,
diving48/23/zBXtMcI41z8_00066.mp4,forward 2.5 somersaults with 3 twists in pike position,zBXtMcI41z8_00066,diving48,,,,,,
diving48/27/bSsVWVfYU4w_00122.mp4,reverse 2.5 somersaults in tuck position,bSsVWVfYU4w_00122,diving48,,,,,,
diving48/26/XfCaMLlyj9I_00088.mp4,forward 3.5 somersaults in pike position,XfCaMLlyj9I_00088,diving48,,,,,,
diving48/22/XfCaMLlyj9I_00152.mp4,forward 1.5 somersaults with 2 twists in free position,XfCaMLlyj9I_00152,diving48,,,,,,
diving48/21/cs8g1es4vfM_00037.mp4,reverse 1.5 somersaults with 1.5 twists in free position,cs8g1es4vfM_00037,diving48,,,,,,
diving48/33/ovWCmIMMkRI_00049.mp4,inward 2.5 somersaults in pike position,ovWCmIMMkRI_00049,diving48,,,,,,
diving48/37/SbzcCzXjYSU_00005.mp4,reverse 1.5 somersaults with 0.5 twist in free position,SbzcCzXjYSU_00005,diving48,,,,,,
diving48/20/jMEYIEYkpY0_00004.mp4,forward 1 somersault in pike position,jMEYIEYkpY0_00004,diving48,,,,,,
diving48/36/k71Cc-Sm-Mg_00119.mp4,backward 1.5 somersaults with 0.5 twist in free position,k71Cc-Sm-Mg_00119,diving48,,,,,,
diving48/0/bSsVWVfYU4w_00163.mp4,backward 1.5 somersaults in tuck position,bSsVWVfYU4w_00163,diving48,,,,,,
diving48/46/Le6xdQ2OO8w_00081.mp4,backward dive (no somersault) in tuck position,Le6xdQ2OO8w_00081,diving48,,,,,,
diving48/34/zmacW6f2Tdk_00012.mp4,inward 2.5 somersaults in tuck position,zmacW6f2Tdk_00012,diving48,,,,,,
diving48/45/XfCaMLlyj9I_00106.mp4,reverse 3.5 somersaults in tuck position,XfCaMLlyj9I_00106,diving48,,,,,,
diving48/26/k71Cc-Sm-Mg_00180.mp4,reverse 2.5 somersaults with 1.5 twists in pike position,k71Cc-Sm-Mg_00180,diving48,,,,,,
diving48/19/MbzIpx8kAD0_00054.mp4,forward 1.5 somersaults with 1 twist in free position,MbzIpx8kAD0_00054,diving48,,,,,,
diving48/24/Le6xdQ2OO8w_00204.mp4,forward 2.5 somersaults in pike position,Le6xdQ2OO8w_00204,diving48,,,,,,
diving48/39/yHo2oERGo7A_00094.mp4,reverse 1.5 somersaults with 2.5 twists in free position,yHo2oERGo7A_00094,diving48,,,,,,
diving48/7/jMEYIEYkpY0_00064.mp4,backward 2.5 somersaults in pike position,jMEYIEYkpY0_00064,diving48,,,,,,
diving48/5/zBXtMcI41z8_00075.mp4,backward 2.5 somersaults with 1.5 twists in pike position,zBXtMcI41z8_00075,diving48,,,,,,
diving48/46/k71Cc-Sm-Mg_00019.mp4,reverse dive (no somersault) in pike position,k71Cc-Sm-Mg_00019,diving48,,,,,,
diving48/6/zBXtMcI41z8_00072.mp4,backward 2.5 somersaults with 2.5 twists in pike position,zBXtMcI41z8_00072,diving48,,,,,,
diving48/47/mGRum47TLX0_00033.mp4,reverse dive (no somersault) in tuck position,mGRum47TLX0_00033,diving48,,,,,,
diving48/29/sFO6XlfgxNQ_00018.mp4,forward dive (no somersault) in pike position,sFO6XlfgxNQ_00018,diving48,,,,,,
diving48/13/qD3IMtAanSg_00008.mp4,backward 3 somersaults in pike position,qD3IMtAanSg_00008,diving48,,,,,,
diving48/41/sRA_iEJGHtU_00001.mp4,reverse 1.5 somersaults in pike position,sRA_iEJGHtU_00001,diving48,,,,,,
diving48/43/SbzcCzXjYSU_00017.mp4,reverse 2.5 somersaults in pike position,SbzcCzXjYSU_00017,diving48,,,,,,
diving48/40/rRw7peH60Yw_00012.mp4,reverse 1.5 somersaults with 3.5 twists in free position,rRw7peH60Yw_00012,diving48,,,,,,
diving48/1/cs8g1es4vfM_00053.mp4,forward 2.5 somersaults with 1 twist in pike position,cs8g1es4vfM_00053,diving48,,,,,,
diving48/27/zmacW6f2Tdk_00057.mp4,backward 1.5 somersaults with 2.5 twists in free position,zmacW6f2Tdk_00057,diving48,,,,,,
diving48/8/zmacW6f2Tdk_00018.mp4,backward 2.5 somersaults in tuck position,zmacW6f2Tdk_00018,diving48,,,,,,
diving48/12/zBXtMcI41z8_00050.mp4,backward 3.5 somersaults in tuck position,zBXtMcI41z8_00050,diving48,,,,,,
diving48/1/ovWCmIMMkRI_00035.mp4,backward 1.5 somersaults with 1.5 twists in free position,ovWCmIMMkRI_00035,diving48,,,,,,
diving48/8/bSsVWVfYU4w_00164.mp4,inward 1.5 somersaults in tuck position,bSsVWVfYU4w_00164,diving48,,,,,,
diving48/19/MbzIpx8kAD0_00004.mp4,forward 1.5 somersaults in pike position,MbzIpx8kAD0_00004,diving48,,,,,,
diving48/33/roFeEJPgJD8_00029.mp4,backward 2 somersaults with 1.5 twists in free position,roFeEJPgJD8_00029,diving48,,,,,,
diving48/12/roFeEJPgJD8_00014.mp4,backward 3 somersaults in tuck position,roFeEJPgJD8_00014,diving48,,,,,,
diving48/35/sFO6XlfgxNQ_00068.mp4,inward 3.5 somersaults in tuck position,sFO6XlfgxNQ_00068,diving48,,,,,,
diving48/24/Le6xdQ2OO8w_00181.mp4,inward 1.5 somersaults in pike position,Le6xdQ2OO8w_00181,diving48,,,,,,
diving48/31/bSsVWVfYU4w_00027.mp4,backward dive (no somersault) in pike position,bSsVWVfYU4w_00027,diving48,,,,,,
diving48/27/roFeEJPgJD8_00007.mp4,forward 3.5 somersaults in tuck position,roFeEJPgJD8_00007,diving48,,,,,,
diving48/25/bl0C6d9QgIg_00027.mp4,forward 2.5 somersaults in tuck position,bl0C6d9QgIg_00027,diving48,,,,,,
diving48/11/zBXtMcI41z8_00058.mp4,backward 3.5 somersaults in pike position,zBXtMcI41z8_00058,diving48,,,,,,
diving48/36/mGRum47TLX0_00019.mp4,inward dive (no somersault) in pike position,mGRum47TLX0_00019,diving48,,,,,,
diving48/3/Le6xdQ2OO8w_00166.mp4,backward 1.5 somersaults in pike position,Le6xdQ2OO8w_00166,diving48,,,,,,
diving48/6/qD3IMtAanSg_00083.mp4,backward 2 somersaults with 2.5 twists in free position,qD3IMtAanSg_00083,diving48,,,,,,
diving48/22/XfCaMLlyj9I_00066.mp4,forward 2.5 somersaults with 2 twists in pike position,XfCaMLlyj9I_00066,diving48,,,,,,
diving48/22/k71Cc-Sm-Mg_00105.mp4,forward 4.5 somersaults in tuck position,k71Cc-Sm-Mg_00105,diving48,,,,,,
diving48/23/XfCaMLlyj9I_00121.mp4,forward 2.5 somersaults with 3 twists in pike position,XfCaMLlyj9I_00121,diving48,,,,,,
diving48/44/jMEYIEYkpY0_00073.mp4,reverse 2.5 somersaults in tuck position,jMEYIEYkpY0_00073,diving48,,,,,,
diving48/26/zmacW6f2Tdk_00003.mp4,forward 3.5 somersaults in pike position,zmacW6f2Tdk_00003,diving48,,,,,,
diving48/18/cs8g1es4vfM_00001.mp4,forward 1.5 somersaults with 2 twists in free position,cs8g1es4vfM_00001,diving48,,,,,,
diving48/21/cs8g1es4vfM_00036.mp4,reverse 1.5 somersaults with 1.5 twists in free position,cs8g1es4vfM_00036,diving48,,,,,,
diving48/33/rRw7peH60Yw_00001.mp4,inward 2.5 somersaults in pike position,rRw7peH60Yw_00001,diving48,,,,,,
diving48/37/SbzcCzXjYSU_00006.mp4,reverse 1.5 somersaults with 0.5 twist in free position,SbzcCzXjYSU_00006,diving48,,,,,,
diving48/20/mGRum47TLX0_00035.mp4,forward 1 somersault in pike position,mGRum47TLX0_00035,diving48,,,,,,
diving48/0/zmacW6f2Tdk_00047.mp4,backward 1.5 somersaults with 0.5 twist in free position,zmacW6f2Tdk_00047,diving48,,,,,,
diving48/19/Le6xdQ2OO8w_00194.mp4,backward 1.5 somersaults in tuck position,Le6xdQ2OO8w_00194,diving48,,,,,,
diving48/16/zBXtMcI41z8_00021.mp4,backward dive (no somersault) in tuck position,zBXtMcI41z8_00021,diving48,,,,,,
diving48/34/bSsVWVfYU4w_00115.mp4,inward 2.5 somersaults in tuck position,bSsVWVfYU4w_00115,diving48,,,,,,
diving48/45/qD3IMtAanSg_00001.mp4,reverse 3.5 somersaults in tuck position,qD3IMtAanSg_00001,diving48,,,,,,
diving48/42/rRw7peH60Yw_00023.mp4,reverse 2.5 somersaults with 1.5 twists in pike position,rRw7peH60Yw_00023,diving48,,,,,,
diving48/17/mGRum47TLX0_00042.mp4,forward 1.5 somersaults with 1 twist in free position,mGRum47TLX0_00042,diving48,,,,,,
diving48/24/L_SB1PRgDTE_00034.mp4,forward 2.5 somersaults in pike position,L_SB1PRgDTE_00034,diving48,,,,,,
diving48/31/cs8g1es4vfM_00045.mp4,reverse 1.5 somersaults with 2.5 twists in free position,cs8g1es4vfM_00045,diving48,,,,,,
diving48/7/SbzcCzXjYSU_00055.mp4,backward 2.5 somersaults in pike position,SbzcCzXjYSU_00055,diving48,,,,,,
diving48/3/sFO6XlfgxNQ_00116.mp4,backward 2.5 somersaults with 1.5 twists in pike position,sFO6XlfgxNQ_00116,diving48,,,,,,
diving48/46/ovWCmIMMkRI_00017.mp4,reverse dive (no somersault) in pike position,ovWCmIMMkRI_00017,diving48,,,,,,
diving48/13/qD3IMtAanSg_00130.mp4,backward 2.5 somersaults with 2.5 twists in pike position,qD3IMtAanSg_00130,diving48,,,,,,
diving48/46/bSsVWVfYU4w_00069.mp4,reverse dive (no somersault) in tuck position,bSsVWVfYU4w_00069,diving48,,,,,,
diving48/29/bSsVWVfYU4w_00022.mp4,forward dive (no somersault) in pike position,bSsVWVfYU4w_00022,diving48,,,,,,
diving48/11/qD3IMtAanSg_00102.mp4,backward 3 somersaults in pike position,qD3IMtAanSg_00102,diving48,,,,,,
diving48/41/SbzcCzXjYSU_00036.mp4,reverse 1.5 somersaults in pike position,SbzcCzXjYSU_00036,diving48,,,,,,
diving48/43/rRw7peH60Yw_00007.mp4,reverse 2.5 somersaults in pike position,rRw7peH60Yw_00007,diving48,,,,,,
diving48/40/rRw7peH60Yw_00033.mp4,reverse 1.5 somersaults with 3.5 twists in free position,rRw7peH60Yw_00033,diving48,,,,,,
diving48/21/jMEYIEYkpY0_00021.mp4,forward 2.5 somersaults with 1 twist in pike position,jMEYIEYkpY0_00021,diving48,,,,,,
diving48/27/zmacW6f2Tdk_00058.mp4,backward 1.5 somersaults with 2.5 twists in free position,zmacW6f2Tdk_00058,diving48,,,,,,
diving48/8/yHo2oERGo7A_00055.mp4,backward 2.5 somersaults in tuck position,yHo2oERGo7A_00055,diving48,,,,,,
diving48/12/rRw7peH60Yw_00010.mp4,backward 3.5 somersaults in tuck position,rRw7peH60Yw_00010,diving48,,,,,,
diving48/1/SbzcCzXjYSU_00056.mp4,backward 1.5 somersaults with 1.5 twists in free position,SbzcCzXjYSU_00056,diving48,,,,,,
diving48/8/bSsVWVfYU4w_00165.mp4,inward 1.5 somersaults in tuck position,bSsVWVfYU4w_00165,diving48,,,,,,
diving48/19/bSsVWVfYU4w_00019.mp4,forward 1.5 somersaults in pike position,bSsVWVfYU4w_00019,diving48,,,,,,
diving48/35/qD3IMtAanSg_00096.mp4,inward 3.5 somersaults in tuck position,qD3IMtAanSg_00096,diving48,,,,,,
diving48/31/bSsVWVfYU4w_00029.mp4,inward 1.5 somersaults in pike position,bSsVWVfYU4w_00029,diving48,,,,,,
diving48/15/sFO6XlfgxNQ_00048.mp4,backward dive (no somersault) in pike position,sFO6XlfgxNQ_00048,diving48,,,,,,
diving48/27/zmacW6f2Tdk_00010.mp4,forward 3.5 somersaults in tuck position,zmacW6f2Tdk_00010,diving48,,,,,,
diving48/25/L2tKML4URG8_00002.mp4,forward 2.5 somersaults in tuck position,L2tKML4URG8_00002,diving48,,,,,,
diving48/10/qD3IMtAanSg_00116.mp4,backward 3.5 somersaults in pike position,qD3IMtAanSg_00116,diving48,,,,,,
diving48/46/Le6xdQ2OO8w_00112.mp4,inward dive (no somersault) in pike position,Le6xdQ2OO8w_00112,diving48,,,,,,
diving48/3/Jud-06v5Ghw_00000.mp4,backward 1.5 somersaults in pike position,Jud-06v5Ghw_00000,diving48,,,,,,
diving48/45/qD3IMtAanSg_00100.mp4,backward 2 somersaults with 2.5 twists in free position,qD3IMtAanSg_00100,diving48,,,,,,
diving48/22/XfCaMLlyj9I_00159.mp4,forward 2.5 somersaults with 2 twists in pike position,XfCaMLlyj9I_00159,diving48,,,,,,
diving48/11/qD3IMtAanSg_00058.mp4,forward 4.5 somersaults in tuck position,qD3IMtAanSg_00058,diving48,,,,,,
diving48/23/XfCaMLlyj9I_00120.mp4,forward 2.5 somersaults with 3 twists in pike position,XfCaMLlyj9I_00120,diving48,,,,,,
diving48/44/TMJ1XIZBRW4_00056.mp4,reverse 2.5 somersaults in tuck position,TMJ1XIZBRW4_00056,diving48,,,,,,
diving48/26/sFO6XlfgxNQ_00074.mp4,forward 3.5 somersaults in pike position,sFO6XlfgxNQ_00074,diving48,,,,,,
diving48/3/MbzIpx8kAD0_00068.mp4,forward 1.5 somersaults with 2 twists in free position,MbzIpx8kAD0_00068,diving48,,,,,,
diving48/33/jMEYIEYkpY0_00075.mp4,inward 2.5 somersaults in pike position,jMEYIEYkpY0_00075,diving48,,,,,,
diving48/17/bSsVWVfYU4w_00090.mp4,reverse 1.5 somersaults with 0.5 twist in free position,bSsVWVfYU4w_00090,diving48,,,,,,
diving48/20/CVAfPfVFulQ_00033.mp4,forward 1 somersault in pike position,CVAfPfVFulQ_00033,diving48,,,,,,
diving48/0/bl0C6d9QgIg_00024.mp4,backward 1.5 somersaults with 0.5 twist in free position,bl0C6d9QgIg_00024,diving48,,,,,,
diving48/34/Le6xdQ2OO8w_00248.mp4,backward 1.5 somersaults in tuck position,Le6xdQ2OO8w_00248,diving48,,,,,,
diving48/16/bl0C6d9QgIg_00013.mp4,backward dive (no somersault) in tuck position,bl0C6d9QgIg_00013,diving48,,,,,,
diving48/8/Le6xdQ2OO8w_00178.mp4,inward 2.5 somersaults in tuck position,Le6xdQ2OO8w_00178,diving48,,,,,,
diving48/35/k71Cc-Sm-Mg_00065.mp4,reverse 3.5 somersaults in tuck position,k71Cc-Sm-Mg_00065,diving48,,,,,,
diving48/26/k71Cc-Sm-Mg_00179.mp4,reverse 2.5 somersaults with 1.5 twists in pike position,k71Cc-Sm-Mg_00179,diving48,,,,,,
diving48/17/XfCaMLlyj9I_00056.mp4,forward 1.5 somersaults with 1 twist in free position,XfCaMLlyj9I_00056,diving48,,,,,,
diving48/31/Le6xdQ2OO8w_00162.mp4,forward 2.5 somersaults in pike position,Le6xdQ2OO8w_00162,diving48,,,,,,
diving48/39/yHo2oERGo7A_00095.mp4,reverse 1.5 somersaults with 2.5 twists in free position,yHo2oERGo7A_00095,diving48,,,,,,
diving48/7/XfCaMLlyj9I_00112.mp4,backward 2.5 somersaults in pike position,XfCaMLlyj9I_00112,diving48,,,,,,
diving48/5/zBXtMcI41z8_00034.mp4,backward 2.5 somersaults with 1.5 twists in pike position,zBXtMcI41z8_00034,diving48,,,,,,
diving48/46/XfCaMLlyj9I_00041.mp4,reverse dive (no somersault) in pike position,XfCaMLlyj9I_00041,diving48,,,,,,
diving48/28/qD3IMtAanSg_00074.mp4,backward 2.5 somersaults with 2.5 twists in pike position,qD3IMtAanSg_00074,diving48,,,,,,
diving48/47/bSsVWVfYU4w_00074.mp4,reverse dive (no somersault) in tuck position,bSsVWVfYU4w_00074,diving48,,,,,,
diving48/29/mGRum47TLX0_00004.mp4,forward dive (no somersault) in pike position,mGRum47TLX0_00004,diving48,,,,,,
diving48/13/qD3IMtAanSg_00009.mp4,backward 3 somersaults in pike position,qD3IMtAanSg_00009,diving48,,,,,,
diving48/41/sRA_iEJGHtU_00002.mp4,reverse 1.5 somersaults in pike position,sRA_iEJGHtU_00002,diving48,,,,,,
diving48/43/SbzcCzXjYSU_00045.mp4,reverse 2.5 somersaults in pike position,SbzcCzXjYSU_00045,diving48,,,,,,
diving48/24/bSsVWVfYU4w_00107.mp4,forward 2.5 somersaults with 1 twist in pike position,bSsVWVfYU4w_00107,diving48,,,,,,
diving48/2/rRw7peH60Yw_00032.mp4,backward 1.5 somersaults with 2.5 twists in free position,rRw7peH60Yw_00032,diving48,,,,,,
diving48/32/Le6xdQ2OO8w_00254.mp4,backward 2.5 somersaults in tuck position,Le6xdQ2OO8w_00254,diving48,,,,,,
diving48/12/sFO6XlfgxNQ_00100.mp4,backward 3.5 somersaults in tuck position,sFO6XlfgxNQ_00100,diving48,,,,,,
diving48/31/MbzIpx8kAD0_00065.mp4,backward 1.5 somersaults with 1.5 twists in free position,MbzIpx8kAD0_00065,diving48,,,,,,
diving48/1/MbzIpx8kAD0_00064.mp4,inward 1.5 somersaults in tuck position,MbzIpx8kAD0_00064,diving48,,,,,,
diving48/19/mGRum47TLX0_00001.mp4,forward 1.5 somersaults in pike position,mGRum47TLX0_00001,diving48,,,,,,
diving48/23/k71Cc-Sm-Mg_00143.mp4,inward 3.5 somersaults in tuck position,k71Cc-Sm-Mg_00143,diving48,,,,,,
diving48/31/TMJ1XIZBRW4_00017.mp4,inward 1.5 somersaults in pike position,TMJ1XIZBRW4_00017,diving48,,,,,,
diving48/15/k71Cc-Sm-Mg_00002.mp4,backward dive (no somersault) in pike position,k71Cc-Sm-Mg_00002,diving48,,,,,,
diving48/27/jMEYIEYkpY0_00009.mp4,forward 3.5 somersaults in tuck position,jMEYIEYkpY0_00009,diving48,,,,,,
diving48/34/Le6xdQ2OO8w_00250.mp4,forward 2.5 somersaults in tuck position,Le6xdQ2OO8w_00250,diving48,,,,,,
diving48/45/qD3IMtAanSg_00112.mp4,backward 3.5 somersaults in pike position,qD3IMtAanSg_00112,diving48,,,,,,
diving48/36/TMJ1XIZBRW4_00006.mp4,inward dive (no somersault) in pike position,TMJ1XIZBRW4_00006,diving48,,,,,,
diving48/4/Le6xdQ2OO8w_00228.mp4,backward 1.5 somersaults in pike position,Le6xdQ2OO8w_00228,diving48,,,,,,
diving48/10/qD3IMtAanSg_00005.mp4,backward 2 somersaults with 2.5 twists in free position,qD3IMtAanSg_00005,diving48,,,,,,
diving48/22/rRw7peH60Yw_00009.mp4,forward 2.5 somersaults with 2 twists in pike position,rRw7peH60Yw_00009,diving48,,,,,,
diving48/28/XfCaMLlyj9I_00132.mp4,forward 4.5 somersaults in tuck position,XfCaMLlyj9I_00132,diving48,,,,,,
diving48/23/zBXtMcI41z8_00064.mp4,forward 2.5 somersaults with 3 twists in pike position,zBXtMcI41z8_00064,diving48,,,,,,
diving48/27/bSsVWVfYU4w_00123.mp4,reverse 2.5 somersaults in tuck position,bSsVWVfYU4w_00123,diving48,,,,,,
diving48/26/sFO6XlfgxNQ_00059.mp4,forward 3.5 somersaults in pike position,sFO6XlfgxNQ_00059,diving48,,,,,,
diving48/8/bSsVWVfYU4w_00116.mp4,forward 1.5 somersaults with 2 twists in free position,bSsVWVfYU4w_00116,diving48,,,,,,
diving48/33/SbzcCzXjYSU_00042.mp4,inward 2.5 somersaults in pike position,SbzcCzXjYSU_00042,diving48,,,,,,
diving48/17/bSsVWVfYU4w_00091.mp4,reverse 1.5 somersaults with 0.5 twist in free position,bSsVWVfYU4w_00091,diving48,,,,,,
diving48/30/sexZ6VnZ9yc_00001.mp4,forward 1 somersault in pike position,sexZ6VnZ9yc_00001,diving48,,,,,,
diving48/24/bSsVWVfYU4w_00135.mp4,backward 1.5 somersaults with 0.5 twist in free position,bSsVWVfYU4w_00135,diving48,,,,,,
diving48/32/bSsVWVfYU4w_00126.mp4,backward 1.5 somersaults in tuck position,bSsVWVfYU4w_00126,diving48,,,,,,
diving48/16/zBXtMcI41z8_00101.mp4,backward dive (no somersault) in tuck position,zBXtMcI41z8_00101,diving48,,,,,,
diving48/34/jMEYIEYkpY0_00017.mp4,inward 2.5 somersaults in tuck position,jMEYIEYkpY0_00017,diving48,,,,,,
diving48/45/zBXtMcI41z8_00062.mp4,reverse 3.5 somersaults in tuck position,zBXtMcI41z8_00062,diving48,,,,,,
diving48/0/Le6xdQ2OO8w_00134.mp4,forward 1.5 somersaults with 1 twist in free position,Le6xdQ2OO8w_00134,diving48,,,,,,
diving48/34/bSsVWVfYU4w_00141.mp4,forward 2.5 somersaults in pike position,bSsVWVfYU4w_00141,diving48,,,,,,
diving48/31/cs8g1es4vfM_00044.mp4,reverse 1.5 somersaults with 2.5 twists in free position,cs8g1es4vfM_00044,diving48,,,,,,
diving48/26/k71Cc-Sm-Mg_00041.mp4,backward 2.5 somersaults in pike position,k71Cc-Sm-Mg_00041,diving48,,,,,,
diving48/5/sFO6XlfgxNQ_00123.mp4,backward 2.5 somersaults with 1.5 twists in pike position,sFO6XlfgxNQ_00123,diving48,,,,,,
diving48/46/CVAfPfVFulQ_00034.mp4,reverse dive (no somersault) in pike position,CVAfPfVFulQ_00034,diving48,,,,,,
diving48/6/qD3IMtAanSg_00022.mp4,backward 2.5 somersaults with 2.5 twists in pike position,qD3IMtAanSg_00022,diving48,,,,,,
diving48/15/Le6xdQ2OO8w_00061.mp4,reverse dive (no somersault) in tuck position,Le6xdQ2OO8w_00061,diving48,,,,,,
diving48/29/bSsVWVfYU4w_00009.mp4,forward dive (no somersault) in pike position,bSsVWVfYU4w_00009,diving48,,,,,,
diving48/35/qD3IMtAanSg_00137.mp4,backward 3 somersaults in pike position,qD3IMtAanSg_00137,diving48,,,,,,
diving48/41/cs8g1es4vfM_00007.mp4,reverse 1.5 somersaults in pike position,cs8g1es4vfM_00007,diving48,,,,,,
diving48/43/zmacW6f2Tdk_00054.mp4,reverse 2.5 somersaults in pike position,zmacW6f2Tdk_00054,diving48,,,,,,
diving48/17/XfCaMLlyj9I_00058.mp4,forward 2.5 somersaults with 1 twist in pike position,XfCaMLlyj9I_00058,diving48,,,,,,
diving48/8/TMJ1XIZBRW4_00051.mp4,backward 2.5 somersaults in tuck position,TMJ1XIZBRW4_00051,diving48,,,,,,
diving48/12/zBXtMcI41z8_00051.mp4,backward 3.5 somersaults in tuck position,zBXtMcI41z8_00051,diving48,,,,,,
diving48/39/cs8g1es4vfM_00042.mp4,backward 1.5 somersaults with 1.5 twists in free position,cs8g1es4vfM_00042,diving48,,,,,,
diving48/32/mGRum47TLX0_00060.mp4,inward 1.5 somersaults in tuck position,mGRum47TLX0_00060,diving48,,,,,,
diving48/19/MbzIpx8kAD0_00005.mp4,forward 1.5 somersaults in pike position,MbzIpx8kAD0_00005,diving48,,,,,,
diving48/35/sFO6XlfgxNQ_00069.mp4,inward 3.5 somersaults in tuck position,sFO6XlfgxNQ_00069,diving48,,,,,,
diving48/26/k71Cc-Sm-Mg_00165.mp4,inward 1.5 somersaults in pike position,k71Cc-Sm-Mg_00165,diving48,,,,,,
diving48/15/MbzIpx8kAD0_00034.mp4,backward dive (no somersault) in pike position,MbzIpx8kAD0_00034,diving48,,,,,,
diving48/27/jMEYIEYkpY0_00059.mp4,forward 3.5 somersaults in tuck position,jMEYIEYkpY0_00059,diving48,,,,,,
diving48/25/L2tKML4URG8_00003.mp4,forward 2.5 somersaults in tuck position,L2tKML4URG8_00003,diving48,,,,,,
diving48/45/qD3IMtAanSg_00045.mp4,backward 3.5 somersaults in pike position,qD3IMtAanSg_00045,diving48,,,,,,
diving48/46/Le6xdQ2OO8w_00101.mp4,inward dive (no somersault) in pike position,Le6xdQ2OO8w_00101,diving48,,,,,,
diving48/32/Le6xdQ2OO8w_00229.mp4,backward 1.5 somersaults in pike position,Le6xdQ2OO8w_00229,diving48,,,,,,
diving48/45/qD3IMtAanSg_00098.mp4,backward 2 somersaults with 2.5 twists in free position,qD3IMtAanSg_00098,diving48,,,,,,
diving48/46/k71Cc-Sm-Mg_00148.mp4,forward 2.5 somersaults with 2 twists in pike position,k71Cc-Sm-Mg_00148,diving48,,,,,,
diving48/28/k71Cc-Sm-Mg_00108.mp4,forward 4.5 somersaults in tuck position,k71Cc-Sm-Mg_00108,diving48,,,,,,
diving48/23/zBXtMcI41z8_00063.mp4,forward 2.5 somersaults with 3 twists in pike position,zBXtMcI41z8_00063,diving48,,,,,,
diving48/44/zmacW6f2Tdk_00023.mp4,reverse 2.5 somersaults in tuck position,zmacW6f2Tdk_00023,diving48,,,,,,
diving48/35/k71Cc-Sm-Mg_00055.mp4,forward 3.5 somersaults in pike position,k71Cc-Sm-Mg_00055,diving48,,,,,,
diving48/18/yHo2oERGo7A_00090.mp4,forward 1.5 somersaults with 2 twists in free position,yHo2oERGo7A_00090,diving48,,,,,,
diving48/33/roFeEJPgJD8_00030.mp4,inward 2.5 somersaults in pike position,roFeEJPgJD8_00030,diving48,,,,,,
diving48/4/bSsVWVfYU4w_00156.mp4,forward 1 somersault in pike position,bSsVWVfYU4w_00156,diving48,,,,,,
diving48/0/Le6xdQ2OO8w_00130.mp4,backward 1.5 somersaults with 0.5 twist in free position,Le6xdQ2OO8w_00130,diving48,,,,,,
diving48/32/Le6xdQ2OO8w_00253.mp4,backward 1.5 somersaults in tuck position,Le6xdQ2OO8w_00253,diving48,,,,,,
diving48/16/Le6xdQ2OO8w_00029.mp4,backward dive (no somersault) in tuck position,Le6xdQ2OO8w_00029,diving48,,,,,,
